,BTCUSDT,ETHUSDT,SOLUSDT,BNBUSDT,XRPUSDT
2023-12-02,39450.35,2164.74,63.66,229.0,0.6208
2023-12-03,39972.26,2192.95,62.98,228.1,0.6229
2023-12-04,41991.1,2243.37,61.64,233.5,0.6245
2023-12-05,44073.32,2293.33,61.03,231.2,0.621
2023-12-06,43762.69,2232.7,61.85,229.4,0.64
2023-12-07,43273.14,2355.73,67.74,232.6,0.6432
2023-12-08,44170.99,2358.72,74.94,238.9,0.6721
2023-12-09,43713.6,2340.49,72.3,237.7,0.6584
2023-12-10,43789.51,2352.39,74.87,239.8,0.6617
2023-12-11,41253.4,2225.12,70.25,246.4,0.6187
2023-12-12,41492.39,2203.46,68.6,254.6,0.6192
2023-12-13,42869.03,2260.16,70.62,252.0,0.6275
2023-12-14,43022.26,2315.32,75.68,253.3,0.6316
2023-12-15,41940.3,2220.5,72.51,244.9,0.6156
2023-12-16,42278.03,2228.96,73.72,244.4,0.6203
2023-12-17,41374.65,2196.52,70.87,238.8,0.6103
2023-12-18,42657.8,2219.43,74.42,241.7,0.6125
2023-12-19,42275.99,2177.91,73.0,252.9,0.6047
2023-12-20,43668.93,2202.17,82.21,260.3,0.6171
2023-12-21,43861.8,2239.61,93.84,272.1,0.6241
2023-12-22,43969.04,2324.54,97.9,271.1,0.6244
2023-12-23,43702.16,2308.2,107.88,271.0,0.6195
2023-12-24,42991.5,2264.05,112.45,264.5,0.6121
2023-12-25,43576.13,2271.35,120.91,266.9,0.6462
2023-12-26,42508.93,2230.88,112.49,297.7,0.6219
2023-12-27,43428.85,2378.35,106.91,324.1,0.634
2023-12-28,42563.76,2344.15,101.8,322.6,0.6346
2023-12-29,42066.95,2299.2,106.17,313.7,0.623
2023-12-30,42140.28,2291.68,101.9,317.1,0.6207
2023-12-31,42283.58,2281.87,101.72,311.8,0.6156
2024-01-01,44179.55,2352.04,109.91,313.5,0.6294
2024-01-02,44946.91,2355.34,106.73,312.2,0.6246
2024-01-03,42845.23,2209.72,98.52,315.8,0.5823
2024-01-04,44151.1,2267.11,104.91,323.7,0.5868
2024-01-05,44145.11,2268.78,99.94,317.5,0.5757
2024-01-06,43968.32,2240.78,93.77,307.5,0.5679
2024-01-07,43929.02,2221.42,89.44,302.4,0.5515
2024-01-08,46951.04,2330.44,97.88,303.7,0.5776
2024-01-09,46110.0,2344.29,99.36,301.1,0.5669
2024-01-10,46653.99,2584.38,102.0,305.8,0.6008
2024-01-11,46339.16,2618.01,99.9,308.2,0.6019
2024-01-12,42782.73,2522.54,92.12,296.6,0.5699
2024-01-13,42847.99,2578.19,95.85,302.2,0.5747
2024-01-14,41732.35,2472.87,93.81,299.5,0.5763
2024-01-15,42511.1,2511.78,94.36,317.5,0.5757
2024-01-16,43137.95,2587.4,97.61,315.2,0.5757
2024-01-17,42776.1,2530.19,102.1,309.4,0.5685
2024-01-18,41327.5,2470.81,94.4,313.0,0.552
2024-01-19,41659.03,2492.0,93.62,314.7,0.5443
2024-01-20,41696.04,2472.01,92.88,317.2,0.5534
2024-01-21,41580.33,2457.05,91.09,318.6,0.5464
2024-01-22,39568.02,2314.2,83.84,305.9,0.5275
2024-01-23,39897.6,2242.6,84.35,298.8,0.5183
2024-01-24,40084.88,2235.02,88.77,293.1,0.5181
2024-01-25,39961.09,2218.64,86.91,292.1,0.5138
2024-01-26,41823.51,2267.68,92.28,302.2,0.5323
2024-01-27,42120.63,2267.94,94.28,305.6,0.5303
2024-01-28,42031.06,2256.9,95.98,305.3,0.5241
2024-01-29,43302.7,2317.6,101.68,310.7,0.5352
2024-01-30,42941.1,2343.01,101.4,307.6,0.5107
2024-01-31,42580.0,2283.14,96.96,300.5,0.5033
2024-02-01,43082.94,2304.28,97.81,300.2,0.5058
2024-02-02,43200.0,2309.06,100.58,301.4,0.5105
2024-02-03,43011.09,2296.49,97.96,299.7,0.5186
2024-02-04,42582.88,2289.79,95.49,304.7,0.5032
2024-02-05,42708.7,2301.83,95.66,301.2,0.5069
2024-02-06,43098.95,2372.64,96.88,302.7,0.505
2024-02-07,44349.6,2425.1,101.14,307.3,0.5138
2024-02-08,45288.65,2419.55,102.76,319.2,0.5147
2024-02-09,47132.77,2486.56,106.94,324.0,0.5262
2024-02-10,47751.09,2500.24,109.01,323.0,0.5239
2024-02-11,48299.99,2507.21,107.46,320.7,0.5261
2024-02-12,49917.27,2659.99,111.64,327.8,0.5315
2024-02-13,49699.59,2639.99,112.48,324.7,0.5247
2024-02-14,51795.17,2774.81,116.97,333.9,0.5378
2024-02-15,51880.0,2822.59,113.5,354.2,0.5622
2024-02-16,52124.11,2801.8,110.33,360.4,0.5643
2024-02-17,51642.64,2785.93,108.92,352.9,0.5496
2024-02-18,52137.67,2881.2,112.24,349.8,0.5571
2024-02-19,51774.73,2944.8,111.53,351.6,0.5626
2024-02-20,52258.82,3014.81,108.31,354.6,0.5622
2024-02-21,51849.39,2967.9,105.03,379.2,0.5491
2024-02-22,51288.42,2971.4,101.76,382.6,0.541
2024-02-23,50744.15,2922.24,99.9,375.5,0.5342
2024-02-24,51568.22,2992.62,104.01,381.7,0.545
2024-02-25,51728.85,3112.59,103.47,388.5,0.5425
2024-02-26,54476.47,3175.94,109.9,401.6,0.5506
2024-02-27,57037.34,3242.36,108.36,394.6,0.5861
2024-02-28,62432.1,3383.1,119.03,414.6,0.575
2024-02-29,61130.98,3340.09,125.68,399.4,0.5867
2024-03-01,62387.9,3433.43,129.43,407.4,0.6013
2024-03-02,61987.28,3421.4,130.02,410.9,0.6442
2024-03-03,63113.97,3487.81,130.16,414.5,0.6271
2024-03-04,68245.71,3627.76,133.27,418.4,0.6477
2024-03-05,63724.01,3553.65,125.31,394.1,0.5912
2024-03-06,66074.04,3818.59,130.79,429.4,0.6121
2024-03-07,66823.17,3868.76,143.82,474.6,0.627
2024-03-08,68124.19,3883.36,144.79,485.8,0.62
2024-03-09,68313.27,3905.21,144.29,488.3,0.6197
2024-03-10,68955.88,3878.47,144.39,528.9,0.608
2024-03-11,72078.1,4064.8,148.83,523.0,0.723
2024-03-12,71452.01,3979.96,151.05,537.5,0.688
2024-03-13,73072.41,4004.79,163.9,630.5,0.6891
2024-03-14,71388.94,3881.7,176.65,603.2,0.669
2024-03-15,69499.85,3742.19,183.95,632.7,0.6342
2024-03-16,65300.63,3523.09,182.05,576.4,0.6031
2024-03-17,68393.48,3644.71,201.86,571.7,0.6191
2024-03-18,67609.99,3520.46,195.92,555.4,0.6453
2024-03-19,61937.4,3158.64,169.82,507.7,0.5845
2024-03-20,67840.51,3516.53,191.77,556.8,0.6107
2024-03-21,65501.27,3492.85,179.46,553.8,0.6404
2024-03-22,63796.64,3336.35,175.21,553.8,0.6115
2024-03-23,63990.01,3329.53,172.65,551.9,0.6167
2024-03-24,67209.99,3454.98,183.88,567.7,0.6325
2024-03-25,69880.01,3590.42,188.99,587.0,0.6406
2024-03-26,69988.0,3587.33,190.46,580.4,0.6317
2024-03-27,69469.99,3501.19,186.33,574.3,0.6118
2024-03-28,70780.6,3560.49,189.63,583.4,0.6244
2024-03-29,69850.54,3509.74,192.01,612.5,0.6301
2024-03-30,69582.18,3505.64,194.2,600.7,0.6212
2024-03-31,71280.01,3645.29,202.45,606.7,0.6292
2024-04-01,69649.8,3503.8,192.24,575.8,0.611
2024-04-02,65463.99,3278.96,181.53,551.4,0.5854
2024-04-03,65963.28,3310.83,185.05,561.5,0.5742
2024-04-04,68487.79,3327.4,184.0,585.5,0.5935
2024-04-05,67820.62,3317.85,174.37,577.8,0.5871
2024-04-06,68896.0,3351.59,178.68,585.4,0.593
2024-04-07,69360.39,3454.2,179.52,583.9,0.5944
2024-04-08,71620.0,3694.61,180.68,586.4,0.6147
2024-04-09,69146.0,3506.39,172.42,580.5,0.6141
2024-04-10,70631.08,3545.64,173.31,609.7,0.6172
2024-04-11,70006.23,3502.52,172.37,604.6,0.6086
2024-04-12,67116.52,3237.43,153.16,595.6,0.5468
2024-04-13,63924.51,3007.01,138.47,553.1,0.4788
2024-04-14,65661.84,3155.11,151.25,566.4,0.5033
2024-04-15,63419.99,3101.99,138.51,552.7,0.4977
2024-04-16,63793.39,3084.22,136.22,537.6,0.4965
2024-04-17,61277.37,2985.41,131.84,534.1,0.4951
2024-04-18,63470.08,3064.4,142.07,552.1,0.5025
2024-04-19,63818.01,3056.46,142.5,554.0,0.503
2024-04-20,64940.59,3155.79,151.22,570.9,0.5288
2024-04-21,64941.15,3147.67,148.8,579.6,0.5246
2024-04-22,66819.32,3200.2,156.95,604.5,0.556
2024-04-23,66414.0,3219.46,154.75,606.2,0.5445
2024-04-24,64289.59,3140.8,147.78,608.8,0.5275
2024-04-25,64498.34,3155.8,144.84,613.2,0.5254
2024-04-26,63770.01,3131.3,139.23,598.0,0.5261
2024-04-27,63461.98,3255.56,141.31,596.2,0.5179
2024-04-28,63118.62,3263.45,137.99,600.2,0.5103
2024-04-29,63866.0,3216.73,137.77,592.8,0.5151
2024-04-30,60672.0,3014.05,126.77,578.4,0.5006
2024-05-01,58364.97,2972.46,134.64,561.8,0.5175
2024-05-02,59060.61,2986.19,137.58,560.5,0.518
2024-05-03,62882.01,3102.61,143.69,587.0,0.5317
2024-05-04,63892.04,3117.23,146.05,585.7,0.5302
2024-05-05,64012.0,3136.41,145.73,592.0,0.5296
2024-05-06,63165.19,3062.6,152.82,588.2,0.5402
2024-05-07,62312.08,3005.69,148.03,576.5,0.5245
2024-05-08,61193.03,2974.21,142.18,588.6,0.5171
2024-05-09,63074.01,3036.23,152.57,596.8,0.5209
2024-05-10,60799.99,2909.99,146.01,585.6,0.5022
2024-05-11,60825.99,2912.45,145.42,592.2,0.5059
2024-05-12,61483.99,2929.29,143.43,594.8,0.4993
2024-05-13,62940.08,2950.99,147.54,591.7,0.5053
2024-05-14,61577.49,2881.93,142.03,567.1,0.5002
2024-05-15,66206.5,3032.55,158.52,581.0,0.5188
2024-05-16,65235.21,2944.7,159.37,569.2,0.5157
2024-05-17,67024.0,3092.01,169.44,580.9,0.5234
2024-05-18,66915.2,3122.94,172.4,580.3,0.5213
2024-05-19,66274.01,3071.19,169.93,574.5,0.5096
2024-05-20,71446.62,3661.78,186.7,599.6,0.5377
2024-05-21,70148.34,3789.6,178.15,618.5,0.537
2024-05-22,69166.62,3737.73,176.95,614.8,0.5268
2024-05-23,67969.65,3783.61,176.16,599.3,0.5289
2024-05-24,68549.99,3728.28,167.7,600.3,0.536
2024-05-25,69290.57,3749.26,168.35,602.4,0.5416
2024-05-26,68507.67,3826.47,163.41,600.2,0.5283
2024-05-27,69436.43,3894.22,170.15,603.9,0.534
2024-05-28,68398.39,3844.69,168.68,601.7,0.5287
2024-05-29,67652.42,3767.43,168.32,595.7,0.5238
2024-05-30,68352.17,3747.91,166.88,595.1,0.5186
2024-05-31,67540.01,3762.29,165.65,593.7,0.5176
2024-06-01,67766.85,3815.82,166.14,601.9,0.5187
2024-06-02,67765.63,3780.91,163.15,602.9,0.5135
2024-06-03,68809.9,3767.06,164.89,626.4,0.5199
2024-06-04,70537.84,3810.23,171.78,685.7,0.5257
2024-06-05,71108.0,3865.99,173.54,698.8,0.5258
2024-06-06,70799.06,3813.46,170.15,711.2,0.5215
2024-06-07,69355.6,3678.32,162.5,684.0,0.4991
2024-06-08,69310.46,3681.57,157.83,682.7,0.4926
2024-06-09,69648.14,3706.4,162.12,673.0,0.4986
2024-06-10,69540.0,3667.85,159.05,625.1,0.4969
2024-06-11,67314.24,3497.33,149.31,602.5,0.4802
2024-06-12,68263.99,3560.12,155.22,619.4,0.4916
2024-06-13,66773.01,3469.4,147.29,599.8,0.4769
2024-06-14,66043.99,3481.8,143.05,603.3,0.4746
2024-06-15,66228.25,3568.74,145.52,608.2,0.4908
2024-06-16,66676.87,3624.41,151.3,610.8,0.4891
2024-06-17,66504.33,3511.46,143.27,604.3,0.5047
2024-06-18,65175.32,3483.42,137.41,588.6,0.491
2024-06-19,64974.37,3560.51,135.62,599.3,0.4933
2024-06-20,64869.99,3513.08,133.55,587.7,0.4888
2024-06-21,64143.56,3518.5,134.6,586.1,0.4889
2024-06-22,64262.01,3495.75,133.69,591.1,0.4866
2024-06-23,63210.01,3420.91,128.69,577.5,0.4797
2024-06-24,60293.3,3352.73,132.33,568.1,0.474
2024-06-25,61806.01,3394.91,136.58,578.2,0.4757
2024-06-26,60864.99,3371.44,136.81,573.0,0.4698
2024-06-27,61706.47,3450.44,149.71,581.7,0.4753
2024-06-28,60427.84,3380.15,140.03,567.4,0.4716
2024-06-29,60986.68,3378.8,140.28,570.0,0.4727
2024-06-30,62772.01,3438.16,146.61,582.2,0.4761
2024-07-01,62899.99,3442.2,146.67,576.9,0.477
2024-07-02,62135.47,3421.35,154.03,580.1,0.4853
2024-07-03,60208.58,3295.48,140.84,556.7,0.4672
2024-07-04,57050.01,3059.7,127.86,513.6,0.4329
2024-07-05,56628.79,2981.78,134.32,497.7,0.4251
2024-07-06,58230.13,3066.83,143.05,526.0,0.4488
2024-07-07,55857.81,2931.0,131.64,490.7,0.4195
2024-07-08,56714.62,3019.01,139.81,510.6,0.4316
2024-07-09,58050.0,3066.65,141.42,516.9,0.4356
2024-07-10,57725.85,3101.05,141.98,524.7,0.4388
2024-07-11,57339.89,3099.57,135.73,524.8,0.4491
2024-07-12,57889.1,3133.88,139.46,533.8,0.4745
2024-07-13,59204.02,3175.93,141.9,532.4,0.5257
2024-07-14,60797.91,3245.08,147.66,544.8,0.5205
2024-07-15,64724.14,3483.39,159.38,585.3,0.5372
2024-07-16,65043.99,3444.13,160.62,576.2,0.5793
2024-07-17,64087.99,3387.05,155.5,568.9,0.626
2024-07-18,63987.92,3426.5,159.22,571.9,0.5697
2024-07-19,66660.0,3503.53,169.13,593.4,0.5733
2024-07-20,67139.96,3517.5,173.6,593.1,0.5937
2024-07-21,68165.34,3535.92,184.49,602.5,0.5984
2024-07-22,67532.01,3439.6,178.9,587.2,0.608
2024-07-23,65936.01,3482.51,173.03,581.9,0.5975
2024-07-24,65376.0,3335.81,178.06,574.9,0.6179
2024-07-25,65799.95,3175.48,171.85,570.6,0.5996
2024-07-26,67907.99,3274.61,183.06,580.9,0.6034
2024-07-27,67896.5,3249.01,183.92,581.6,0.5956
2024-07-28,68249.88,3270.16,184.9,583.9,0.6012
2024-07-29,66784.69,3317.66,182.57,574.3,0.6019
2024-07-30,66188.0,3279.21,179.16,588.2,0.6277
2024-07-31,64628.0,3232.74,171.71,576.5,0.623
2024-08-01,65354.02,3203.4,167.37,575.1,0.5964
2024-08-02,61498.33,2989.61,152.77,542.9,0.5607
2024-08-03,60697.99,2903.64,142.52,529.6,0.5558
2024-08-04,58161.0,2688.92,138.33,496.9,0.5228
2024-08-05,54018.81,2419.59,129.78,464.2,0.4889
2024-08-06,56022.01,2461.33,144.4,484.8,0.5062
2024-08-07,55134.16,2342.8,144.77,475.0,0.6002
2024-08-08,61685.99,2682.5,163.13,517.1,0.6166
2024-08-09,60837.99,2598.78,156.28,508.7,0.5805
2024-08-10,60923.51,2609.92,154.01,523.1,0.5841
2024-08-11,58712.59,2555.38,141.57,503.4,0.5528
2024-08-12,59346.64,2722.3,146.29,518.2,0.5684
2024-08-13,60587.15,2702.44,146.65,524.2,0.577
2024-08-14,58683.39,2661.45,143.71,523.4,0.5687
2024-08-15,57541.06,2569.89,142.58,519.2,0.5607
2024-08-16,58874.6,2592.73,139.04,519.7,0.5638
2024-08-17,59491.99,2614.51,141.93,541.6,0.5665
2024-08-18,58427.35,2612.15,142.42,531.2,0.5631
2024-08-19,59438.5,2636.36,144.29,558.4,0.5985
2024-08-20,59013.8,2572.82,142.27,569.4,0.5937
2024-08-21,61156.03,2630.71,142.79,570.1,0.5999
2024-08-22,60375.84,2622.88,143.22,582.9,0.5976
2024-08-23,64037.24,2762.48,153.26,591.7,0.6109
2024-08-24,64157.01,2768.0,160.67,580.5,0.6127
2024-08-25,64220.0,2746.13,158.92,573.9,0.6
2024-08-26,62834.0,2680.49,157.12,548.2,0.5874
2024-08-27,59415.0,2457.33,146.79,533.3,0.5666
2024-08-28,59034.9,2528.33,143.95,537.0,0.5693
2024-08-29,59359.01,2527.61,140.0,536.4,0.5619
2024-08-30,59123.99,2526.0,137.99,535.2,0.5667
2024-08-31,58973.99,2513.01,135.35,532.9,0.5662
2024-09-01,57301.86,2425.72,128.5,512.4,0.5472
2024-09-02,59132.13,2538.01,134.94,526.3,0.5677
2024-09-03,57487.73,2425.29,127.54,518.7,0.5572
2024-09-04,57970.9,2450.71,133.64,507.6,0.5579
2024-09-05,56180.0,2368.81,129.41,502.4,0.5444
2024-09-06,53962.97,2225.23,125.05,487.2,0.5211
2024-09-07,54160.86,2273.58,127.71,493.5,0.5248
2024-09-08,54869.95,2297.3,130.15,503.1,0.5295
2024-09-09,57042.0,2359.5,135.08,518.7,0.5395
2024-09-10,57635.99,2388.52,135.63,517.0,0.5408
2024-09-11,57338.0,2340.55,132.42,530.1,0.5348
2024-09-12,58132.32,2361.76,136.05,544.5,0.5626
2024-09-13,60498.0,2439.19,139.02,556.4,0.5728
2024-09-14,59993.03,2417.79,137.14,553.3,0.5956
2024-09-15,59132.0,2316.1,131.37,553.4,0.5706
2024-09-16,58213.99,2295.68,131.47,533.7,0.5866
2024-09-17,60313.99,2341.8,131.54,546.2,0.5839
2024-09-18,61759.99,2374.75,134.34,559.5,0.5852
2024-09-19,62947.99,2465.21,142.89,567.0,0.5868
2024-09-20,63201.05,2561.4,146.66,569.0,0.5851
2024-09-21,63348.96,2612.4,149.41,588.6,0.5976
2024-09-22,63578.76,2581.0,144.63,588.7,0.5871
2024-09-23,63339.99,2646.97,144.79,604.5,0.5847
2024-09-24,64262.7,2653.2,152.73,605.9,0.5911
2024-09-25,63152.01,2579.95,147.98,587.4,0.5831
2024-09-26,65173.99,2632.26,155.55,596.3,0.5905
2024-09-27,65769.95,2694.43,157.64,606.8,0.5888
2024-09-28,65858.0,2675.21,156.75,601.1,0.6138
2024-09-29,65602.01,2657.62,158.46,595.6,0.6412
2024-09-30,63327.59,2602.23,152.49,567.4,0.6114
2024-10-01,60805.78,2447.79,145.13,547.3,0.5967
2024-10-02,60649.28,2364.1,140.18,542.5,0.5383
2024-10-03,60752.71,2349.8,136.82,544.8,0.5217
2024-10-04,62086.0,2414.41,143.24,555.3,0.534
2024-10-05,62058.0,2414.66,142.59,563.0,0.5294
2024-10-06,62819.91,2440.03,146.48,570.3,0.5336
2024-10-07,62224.0,2422.71,143.96,564.3,0.5286
2024-10-08,62160.49,2440.89,143.49,580.8,0.531
2024-10-09,60636.02,2370.47,139.33,570.7,0.5245
2024-10-10,60326.39,2386.49,139.03,563.9,0.5305
2024-10-11,62540.0,2439.5,145.53,573.6,0.5388
2024-10-12,63206.22,2476.4,146.4,576.6,0.5393
2024-10-13,62870.02,2468.91,147.74,572.2,0.5321
2024-10-14,66083.99,2629.79,157.59,589.1,0.5483
2024-10-15,67074.14,2607.41,154.76,594.5,0.5417
2024-10-16,67620.01,2611.1,154.28,600.9,0.5482
2024-10-17,67421.78,2605.8,150.5,592.9,0.5441
2024-10-18,68428.0,2642.17,154.94,599.2,0.5465
2024-10-19,68378.0,2648.2,159.79,597.7,0.544
2024-10-20,69031.99,2746.91,167.4,605.9,0.5482
2024-10-21,67377.5,2666.7,166.17,598.8,0.5449
2024-10-22,67426.0,2622.81,167.59,593.8,0.5339
2024-10-23,66668.65,2524.61,170.85,584.9,0.5258
2024-10-24,68198.28,2535.82,177.19,594.5,0.532
2024-10-25,66698.33,2440.62,164.9,575.3,0.5022
2024-10-26,67092.76,2482.51,170.88,583.4,0.5134
2024-10-27,68021.7,2507.8,176.63,589.2,0.5168
2024-10-28,69962.21,2567.48,178.29,601.1,0.5195
2024-10-29,72736.42,2638.8,179.42,606.3,0.5284
2024-10-30,72344.74,2659.19,174.87,595.6,0.5229
2024-10-31,70292.01,2518.61,168.69,576.6,0.5095
2024-11-01,69496.01,2511.49,166.1,573.1,0.5131
2024-11-02,69374.74,2494.23,166.17,568.6,0.5103
2024-11-03,68775.99,2457.73,162.53,557.7,0.503
2024-11-04,67850.01,2398.21,157.95,552.5,0.5035
2024-11-05,69372.01,2422.55,166.62,563.21,0.514
2024-11-06,75571.99,2721.87,186.59,592.22,0.5418
2024-11-07,75857.89,2895.47,196.35,598.26,0.5556
2024-11-08,76509.78,2961.75,199.85,597.82,0.5537
2024-11-09,76677.46,3126.21,199.89,624.66,0.5593
2024-11-10,80370.01,3183.21,210.07,627.33,0.5884
2024-11-11,88647.99,3371.59,222.13,659.63,0.6207
2024-11-12,87952.01,3243.8,211.64,625.33,0.704
2024-11-13,90375.2,3187.16,215.13,620.68,0.6898
2024-11-14,87325.59,3058.82,209.57,622.3,0.7736
2024-11-15,91032.07,3090.01,218.45,619.37,0.8922
2024-11-16,90586.92,3132.87,215.71,622.69,1.1209
2024-11-17,89855.99,3076.0,237.47,618.9,1.0543
2024-11-18,90464.08,3207.8,239.79,618.93,1.1137
2024-11-19,92310.79,3107.44,237.63,615.5,1.1003
2024-11-20,94286.56,3069.97,235.48,605.39,1.1041
2024-11-21,98317.12,3355.81,256.37,621.86,1.247
2024-11-22,98892.0,3327.78,256.9,633.0,1.4726
2024-11-23,97672.4,3393.91,254.89,650.42,1.4685
2024-11-24,97900.04,3361.2,252.73,659.65,1.4331
2024-11-25,93010.01,3414.49,234.18,636.2,1.4142
2024-11-26,91965.16,3324.73,230.69,613.51,1.3984
2024-11-27,95863.11,3653.28,241.96,644.14,1.4696
2024-11-28,95643.98,3578.79,237.59,653.83,1.5421
2024-11-29,97460.0,3592.21,243.33,654.67,1.8006
2024-11-30,96407.99,3703.6,237.6,653.43,1.9513
2024-12-01,97185.18,3707.61,236.8,655.99,2.2937
2024-12-02,95840.62,3643.42,225.72,647.82,2.7245
2024-12-03,95849.69,3614.51,233.92,734.64,2.5102
2024-12-04,98587.32,3837.8,229.15,739.53,2.3574
2024-12-05,96945.63,3785.2,235.84,717.1,2.2446
2024-12-06,99740.84,3998.87,236.87,730.22,2.4257
2024-12-07,99831.99,3996.22,238.14,749.72,2.6099
2024-12-08,101109.59,4004.15,237.02,742.0,2.6013
2024-12-09,97276.47,3712.0,216.63,689.19,2.2124
2024-12-10,96593.0,3628.25,213.6,676.8,2.3709
2024-12-11,101125.0,3831.81,227.29,711.21,2.3941
2024-12-12,100004.29,3881.61,226.96,705.77,2.3384
2024-12-13,101424.25,3906.8,224.79,725.72,2.4217
2024-12-14,101420.0,3870.29,219.93,715.79,2.4005
2024-12-15,104463.99,3959.09,224.27,718.87,2.4469
2024-12-16,106058.66,3986.24,216.19,720.58,2.4841
2024-12-17,106133.74,3893.01,223.15,717.69,2.5673
2024-12-18,100204.01,3626.8,206.53,686.38,2.3103
2024-12-19,97461.86,3417.01,193.81,665.62,2.239
2024-12-20,97805.44,3472.21,194.48,678.6,2.2793
2024-12-21,97291.99,3338.92,181.45,663.49,2.238
2024-12-22,95186.27,3281.83,180.52,649.77,2.2031
2024-12-23,94881.47,3422.53,190.11,694.16,2.2617
2024-12-24,98663.58,3493.18,197.09,696.9,2.3238
2024-12-25,99429.6,3497.0,197.44,702.72,2.2973
2024-12-26,95791.6,3335.05,188.46,689.4,2.1559
2024-12-27,94299.03,3333.51,184.22,691.85,2.1466
2024-12-28,95300.0,3404.0,195.5,722.13,2.1843
2024-12-29,93738.2,3356.48,189.94,694.71,2.0942
2024-12-30,92792.05,3361.84,191.38,705.36,2.0587
2024-12-31,93576.0,3337.78,189.31,702.3,2.0836
2025-01-01,94591.79,3360.38,194.28,707.84,2.3328
2025-01-02,96984.79,3455.67,208.31,706.25,2.4024
2025-01-03,98174.18,3609.01,217.99,714.88,2.4547
2025-01-04,98220.5,3656.88,216.67,713.41,2.4201
2025-01-05,98363.61,3635.99,213.41,709.29,2.3994
2025-01-06,102235.6,3687.45,218.22,729.42,2.42
2025-01-07,96954.61,3381.31,202.17,698.01,2.2712
2025-01-08,95060.61,3327.29,197.48,696.03,2.3731
2025-01-09,92552.49,3219.2,184.95,685.48,2.2722
2025-01-10,94726.11,3267.04,187.68,693.21,2.3414
2025-01-11,94599.99,3282.83,188.09,696.7,2.5764
2025-01-12,94545.06,3267.3,188.51,693.34,2.5046
2025-01-13,94536.1,3137.51,182.87,688.64,2.5232
2025-01-14,96560.86,3225.63,187.57,698.89,2.6673
2025-01-15,100497.35,3451.52,205.86,714.59,3.1429
2025-01-16,99987.3,3308.05,211.14,708.1,3.2451
2025-01-17,104077.48,3473.63,219.51,721.76,3.2922
2025-01-18,104556.23,3307.71,261.97,709.52,3.2697
2025-01-19,101331.57,3215.12,252.42,683.19,2.9587
2025-01-20,102260.01,3284.0,242.19,682.51,3.1053
2025-01-21,106143.82,3327.54,250.33,692.21,3.1738
2025-01-22,103706.66,3242.6,257.36,695.52,3.1803
2025-01-23,103910.34,3338.21,253.11,689.74,3.1194
2025-01-24,104870.5,3310.09,253.37,680.45,3.1009
2025-01-25,104746.85,3318.77,256.41,686.4,3.108
2025-01-26,102620.0,3232.61,240.5,667.37,3.0223
2025-01-27,102082.83,3182.44,234.89,679.74,3.0552
2025-01-28,101335.52,3077.72,227.06,661.29,3.0572
2025-01-29,103733.24,3113.9,228.16,667.97,3.0683
2025-01-30,104722.94,3247.39,238.31,677.53,3.1276
2025-01-31,102429.56,3300.99,231.77,677.47,3.0361
2025-02-01,100635.65,3117.54,213.03,652.94,2.8778
2025-02-02,97700.59,2869.68,203.51,617.8,2.58
2025-02-03,101328.52,2879.9,216.28,617.21,2.7001
2025-02-04,97763.13,2731.19,206.64,572.69,2.5274
2025-02-05,96612.43,2788.25,196.12,569.55,2.381
2025-02-06,96554.35,2686.64,189.54,571.72,2.325
2025-02-07,96506.8,2622.1,191.99,577.71,2.3968
2025-02-08,96444.74,2632.46,199.32,612.39,2.419
2025-02-09,96462.75,2627.18,200.47,615.81,2.3928
2025-02-10,97430.82,2661.19,200.47,618.65,2.4237
2025-02-11,95778.2,2602.59,197.96,642.11,2.4131
2025-02-12,97869.99,2738.27,196.78,696.93,2.4734
2025-02-13,96608.14,2675.87,194.25,664.72,2.5599
2025-02-14,97500.48,2725.95,199.39,659.71,2.7384
2025-02-15,97569.66,2693.04,194.48,662.21,2.7619
2025-02-16,96118.12,2661.41,188.27,673.1,2.7283
2025-02-17,95780.0,2744.05,177.53,667.51,2.6599
2025-02-18,95671.74,2671.99,169.32,648.18,2.5628
2025-02-19,96644.37,2715.5,168.93,653.38,2.7378
2025-02-20,98305.0,2738.04,176.0,656.36,2.6877
2025-02-21,96181.98,2663.0,168.94,647.47,2.5721
2025-02-22,96551.01,2763.22,172.07,668.57,2.574
2025-02-23,96258.0,2819.69,167.94,658.42,2.5763
2025-02-24,91552.88,2513.52,141.81,614.2,2.2783
2025-02-25,88680.4,2495.7,144.33,623.49,2.3222
2025-02-26,84250.09,2336.37,135.32,611.57,2.1982
2025-02-27,84708.58,2307.72,137.68,605.41,2.1985
2025-02-28,84349.94,2237.59,148.18,588.07,2.1453
2025-03-01,86064.53,2217.39,143.66,607.93,2.1916
2025-03-02,94270.0,2518.11,178.71,623.94,2.9396
2025-03-03,86220.61,2149.01,142.16,576.1,2.3873
2025-03-04,87281.98,2171.51,144.79,584.01,2.4543
2025-03-05,90606.01,2241.59,146.28,598.24,2.4998
2025-03-06,89931.89,2202.2,143.31,596.5,2.6001
2025-03-07,86801.75,2141.6,139.39,594.77,2.3855
2025-03-08,86222.45,2203.58,137.01,593.1,2.3261
2025-03-09,80734.37,2020.41,126.51,554.65,2.1387
2025-03-10,78595.86,1865.1,118.32,531.49,2.0216
2025-03-11,82932.99,1923.43,125.35,551.61,2.1711
2025-03-12,83680.12,1908.2,126.62,569.87,2.2396
2025-03-13,81115.78,1864.59,123.37,579.8,2.2527
2025-03-14,83983.2,1911.65,133.54,587.76,2.3564
2025-03-15,84338.44,1937.17,135.86,619.83,2.3911
2025-03-16,82574.53,1887.0,126.13,602.2,2.2938
2025-03-17,84010.03,1926.31,128.01,631.69,2.3382
2025-03-18,82715.03,1931.54,125.33,627.81,2.2851
2025-03-19,86845.94,2056.06,135.33,618.7,2.5469
2025-03-20,84223.39,1983.79,127.6,630.47,2.4361
2025-03-21,84088.79,1965.75,128.48,635.17,2.3809
2025-03-22,83840.59,1980.69,128.51,627.01,2.3711
2025-03-23,86082.5,2005.99,132.84,623.79,2.4393
2025-03-24,87498.16,2081.2,141.01,637.08,2.4501
2025-03-25,87392.87,2066.15,143.64,629.82,2.4492
2025-03-26,86909.17,2009.52,137.34,617.99,2.3494
2025-03-27,87232.01,2003.66,138.43,637.36,2.341
2025-03-28,84424.38,1896.9,129.49,619.81,2.2073
2025-03-29,82648.54,1828.08,124.58,602.99,2.1351
2025-03-30,82389.99,1807.74,124.82,602.2,2.1369
2025-03-31,82550.01,1822.43,124.54,604.81,2.0899
2025-04-01,85158.34,1904.98,126.67,611.13,2.1387
2025-04-02,82516.29,1795.22,117.42,590.68,2.0237
2025-04-03,83213.09,1817.23,117.17,592.67,2.0648
2025-04-04,83889.87,1816.87,122.79,597.71,2.1302
2025-04-05,83537.99,1806.01,120.32,593.13,2.1442
2025-04-06,78430.0,1580.76,105.91,555.54,1.9218
2025-04-07,79163.24,1553.04,106.99,554.6,1.8987
2025-04-08,76322.42,1473.41,105.4,553.72,1.7963
2025-04-09,82615.22,1669.51,119.05,582.32,2.0529
2025-04-10,79607.3,1522.25,112.81,578.03,1.9658
2025-04-11,83423.84,1566.85,121.41,585.93,2.0225
2025-04-12,85276.9,1644.18,132.24,597.29,2.1598
2025-04-13,83760.0,1597.76,128.38,584.28,2.1196
2025-04-14,84591.58,1623.77,129.42,584.54,2.1275
2025-04-15,83643.99,1588.78,126.11,579.52,2.0842
2025-04-16,84030.38,1577.14,131.33,582.8,2.0834
2025-04-17,84947.91,1583.62,134.83,590.49,2.0673
2025-04-18,84474.69,1588.6,134.04,591.71,2.0619
2025-04-19,85077.01,1613.27,139.87,591.73,2.0877
2025-04-20,85179.24,1587.36,137.86,592.77,2.0787
2025-04-21,87516.23,1579.57,136.56,597.34,2.0855
2025-04-22,93442.99,1756.26,148.79,618.51,2.2139
2025-04-23,93691.08,1795.07,151.1,605.71,2.2184
2025-04-24,93980.47,1769.65,152.55,601.55,2.2049
2025-04-25,94638.68,1784.6,150.82,599.91,2.1812
2025-04-26,94628.0,1820.88,149.21,607.23,2.1912
2025-04-27,93749.3,1791.29,147.98,603.46,2.252
2025-04-28,95011.18,1799.88,147.84,606.16,2.2949
2025-04-29,94256.82,1797.81,146.31,601.0,2.238
2025-04-30,94172.0,1793.61,147.54,599.88,2.1908
2025-05-01,96489.91,1838.11,150.85,599.63,2.2123
2025-05-02,96887.14,1842.2,148.05,600.69,2.2093
2025-05-03,95856.42,1833.52,146.71,599.36,2.1872
2025-05-04,94277.62,1808.86,143.95,586.03,2.156
2025-05-05,94733.68,1820.19,146.72,597.61,2.1306
2025-05-06,96834.02,1817.0,146.88,602.57,2.155
2025-05-07,97030.5,1811.11,147.32,602.7,2.1265
2025-05-08,103261.6,2207.39,164.46,629.17,2.3272
2025-05-09,102971.99,2345.04,172.78,666.29,2.3439
2025-05-10,104809.53,2583.23,177.89,663.9,2.4711
2025-05-11,104118.0,2514.57,173.19,651.15,2.367
2025-05-12,102791.32,2495.47,174.22,660.07,2.5439
2025-05-13,104103.72,2679.71,183.75,664.13,2.5829
2025-05-14,103507.82,2609.74,176.64,652.47,2.5503
2025-05-15,103763.71,2548.69,169.16,651.88,2.3856
2025-05-16,103463.9,2537.12,167.4,646.76,2.3798
2025-05-17,103126.65,2475.08,165.94,639.51,2.3531
2025-05-18,106454.26,2497.78,173.3,651.53,2.428
2025-05-19,105573.74,2528.14,166.86,649.62,2.3803
2025-05-20,106849.99,2524.19,168.59,650.0,2.3565
2025-05-21,109643.99,2550.99,173.53,673.31,2.3952
2025-05-22,111696.21,2664.82,179.68,686.57,2.4311
2025-05-23,107318.3,2526.5,174.01,656.98,2.2966
2025-05-24,107761.91,2530.4,175.87,668.01,2.3303
2025-05-25,109004.19,2551.22,175.74,669.44,2.3417
2025-05-26,109434.79,2563.7,174.91,674.29,2.3103
2025-05-27,108938.17,2660.81,176.71,686.91,2.3168
2025-05-28,107781.78,2681.6,172.21,686.89,2.2742
2025-05-29,105589.75,2631.39,166.71,675.02,2.2442
2025-05-30,103985.48,2531.34,156.2,655.36,2.1398
2025-05-31,104591.88,2528.06,156.45,658.01,2.1738
2025-06-01,105642.93,2539.21,157.68,660.77,2.1792
2025-06-02,105857.99,2607.41,156.83,665.93,2.1965
2025-06-03,105376.89,2593.36,155.19,661.59,2.2446
2025-06-04,104696.86,2607.68,153.26,663.23,2.2009
2025-06-05,101508.68,2414.01,144.29,633.32,2.0936
2025-06-06,104288.44,2476.1,147.83,642.7,2.1598
2025-06-07,105552.15,2524.63,150.06,650.82,2.1769
2025-06-08,105734.0,2509.83,152.45,652.0,2.267
2025-06-09,110263.02,2680.13,161.16,665.58,2.3211
2025-06-10,110274.39,2816.4,165.12,673.51,2.3074
2025-06-11,108645.12,2771.61,160.97,667.43,2.2704
2025-06-12,105671.73,2642.65,152.32,654.75,2.1899
2025-06-13,106066.59,2579.19,148.6,655.35,2.1472
2025-06-14,105414.64,2530.76,144.64,645.61,2.1394
2025-06-15,105594.01,2547.61,152.97,648.19,2.1655
2025-06-16,106794.53,2544.17,150.72,650.74,2.238
2025-06-17,104551.17,2509.95,147.57,648.08,2.159
2025-06-18,104886.78,2525.0,146.34,644.77,2.1705
2025-06-19,104658.59,2521.12,147.04,644.65,2.1648
2025-06-20,103297.99,2406.49,140.11,641.61,2.1194
2025-06-21,102120.01,2295.73,135.43,628.97,2.0632
2025-06-22,100963.87,2227.7,131.71,615.81,2.0172
2025-06-23,105333.93,2411.66,144.51,640.49,2.1584
2025-06-24,106083.0,2448.45,145.92,643.53,2.1898
2025-06-25,107340.58,2418.49,143.57,646.07,2.1859
2025-06-26,106947.06,2415.96,139.06,642.3,2.1054
2025-06-27,107047.59,2423.17,142.09,645.71,2.1419
2025-06-28,107296.79,2435.62,150.72,648.6,2.1854
2025-06-29,108356.93,2500.09,153.32,654.9,2.2061
2025-06-30,107146.5,2485.47,154.81,656.9,2.2362
2025-07-01,105681.14,2405.01,146.88,646.33,2.172
2025-07-02,108849.6,2570.41,152.27,659.71,2.2336
2025-07-03,109584.78,2591.25,152.36,663.59,2.2569
2025-07-04,107984.24,2508.04,147.7,653.6,2.2205
2025-07-05,108198.12,2516.41,147.55,656.16,2.2178
2025-07-06,109203.84,2570.35,151.86,663.13,2.2709
2025-07-07,108262.94,2542.29,148.88,661.06,2.2708
2025-07-08,108922.98,2615.25,151.67,660.63,2.3108
2025-07-09,111233.99,2768.74,157.05,668.68,2.4038
2025-07-10,116010.0,2951.29,164.34,685.8,2.5471
2025-07-11,117527.66,2958.22,162.93,689.99,2.7322
2025-07-12,117420.0,2943.28,160.69,685.86,2.7395
2025-07-13,119086.64,2972.03,161.15,692.0,2.8361
2025-07-14,119841.18,3013.62,162.21,689.12,2.9582
2025-07-15,117758.09,3137.89,163.98,689.92,2.919
2025-07-16,118630.43,3371.35,173.63,708.61,3.038
2025-07-17,119177.56,3476.87,175.87,720.65,3.4814
2025-07-18,117924.84,3546.92,177.28,729.92,3.4135
2025-07-19,117840.0,3592.01,176.96,733.2,3.4244
2025-07-20,117265.12,3756.69,181.43,756.82,3.454
2025-07-21,117380.36,3762.33,195.72,766.22,3.5495
2025-07-22,119954.42,3746.21,205.7,786.68,3.5504
2025-07-23,118755.99,3628.29,189.4,776.74,3.1838
2025-07-24,118340.99,3706.94,182.87,770.74,3.1453
2025-07-25,117614.31,3724.96,186.76,785.45,3.1423
2025-07-26,117919.99,3741.1,184.88,793.29,3.1662
2025-07-27,119415.55,3872.1,188.64,844.0,3.2389
2025-07-28,118062.32,3799.0,183.11,824.07,3.1235
2025-07-29,117950.76,3793.79,181.48,805.1,3.128
2025-07-30,117840.3,3810.0,177.77,793.51,3.0966
2025-07-31,115764.08,3698.39,172.22,783.14,3.0224
2025-08-01,113297.93,3488.2,162.71,757.08,2.9613
2025-08-02,112546.35,3393.94,158.48,736.42,2.7695
2025-08-03,114208.8,3496.74,161.97,751.21,2.948
2025-08-04,115055.03,3720.99,169.55,768.63,3.0716
2025-08-05,114129.75,3612.0,164.09,755.13,2.9623
2025-08-06,114992.27,3683.31,168.09,769.55,2.9908
2025-08-07,117472.01,3910.31,175.36,788.67,3.3197
2025-08-08,116674.74,4009.5,176.78,793.5,3.2859
2025-08-09,116462.25,4260.62,179.95,798.83,3.2259
2025-08-10,119294.01,4250.57,182.66,807.22,3.187
2025-08-11,118686.0,4223.22,174.84,805.09,3.1295
2025-08-12,120134.08,4590.52,191.78,832.47,3.2676
2025-08-13,123306.43,4749.3,201.51,848.01,3.2744
2025-08-14,118295.09,4546.84,192.47,840.42,3.0792
2025-08-15,117342.05,4439.47,185.72,827.81,3.0779
2025-08-16,117380.66,4421.99,189.6,838.71,3.1055
2025-08-17,117405.01,4472.33,190.99,855.38,3.0877
2025-08-18,116227.05,4312.99,182.94,846.99,3.0616
2025-08-19,112872.94,4075.59,176.22,824.11,2.8608
2025-08-20,114271.24,4336.16,187.94,869.05,2.9512
2025-08-21,112500.0,4225.3,180.29,839.49,2.8519
2025-08-22,116935.99,4832.07,200.69,900.21,3.0744
2025-08-23,115438.05,4778.4,204.14,880.42,3.0485
2025-08-24,113493.59,4780.15,205.98,876.51,3.0258
2025-08-25,110111.98,4376.18,187.2,839.32,2.8584
2025-08-26,111763.22,4600.63,195.86,863.7,3.0123
2025-08-27,111262.01,4506.71,202.95,855.18,2.9688
2025-08-28,112566.9,4511.21,214.43,873.47,2.9665
2025-08-29,108377.4,4360.18,205.08,862.3,2.8195
2025-08-30,108816.33,4373.7,202.7,862.0,2.8181
2025-08-31,108246.35,4391.83,200.62,857.65,2.7757
2025-09-01,109237.42,4314.5,197.32,845.68,2.7589
2025-09-02,111240.01,4326.5,209.65,851.8,2.862
2025-09-03,111705.71,4450.46,210.77,854.76,2.8443
2025-09-04,110730.87,4297.55,202.32,843.63,2.7946
2025-09-05,110659.99,4307.45,203.36,850.14,2.8147
2025-09-06,110187.97,4273.14,200.16,860.85,2.8098
2025-09-07,111137.34,4306.19,206.35,880.05,2.877
2025-09-08,112065.23,4306.37,214.11,878.08,2.9697
2025-09-09,111546.39,4310.09,217.21,880.01,2.9474
2025-09-10,113960.0,4349.32,224.07,893.77,2.9834
2025-09-11,115482.69,4458.82,228.73,902.77,3.0398
2025-09-12,116029.42,4712.16,242.18,924.8,3.1054
2025-09-13,115918.29,4666.53,242.38,933.68,3.1193
2025-09-14,115268.01,4604.49,239.76,926.51,3.0279
2025-09-15,115349.71,4523.74,234.31,919.68,2.9969
2025-09-16,116788.96,4501.29,236.96,955.65,3.0376
2025-09-17,116447.59,4590.53,244.84,989.98,3.0841
2025-09-18,117073.53,4587.66,247.5,981.04,3.0735
2025-09-19,115632.38,4468.59,238.53,984.1,2.9901
2025-09-20,115685.63,4480.42,239.48,1043.77,2.975
2025-09-21,115232.29,4444.97,236.16,1047.8,2.9701
2025-09-22,112650.99,4199.08,220.38,992.9,2.8526
2025-09-23,111998.8,4164.26,213.3,1015.98,2.8247
2025-09-24,113307.0,4152.81,211.6,1018.49,2.9257
2025-09-25,108994.49,3874.36,192.74,945.9,2.7435
2025-09-26,109643.46,4032.24,205.17,960.8,2.7835
2025-09-27,109635.85,4018.38,203.46,968.45,2.8047
2025-09-28,112163.95,4142.16,210.83,993.01,2.8674
2025-09-29,114311.96,4215.07,212.75,1029.79,2.8801
2025-09-30,114048.93,4145.15,208.68,1008.51,2.8468
2025-10-01,118594.99,4348.03,222.04,1026.5,2.9485
2025-10-02,120529.35,4484.35,234.74,1090.22,3.0389
2025-10-03,122232.0,4512.87,232.84,1189.4,3.0401
2025-10-04,122391.0,4487.15,227.86,1150.75,2.9685
2025-10-05,123482.31,4514.32,228.56,1167.38,2.9697
2025-10-06,124658.54,4684.01,232.35,1223.19,2.9883
2025-10-07,121332.95,4447.7,219.97,1304.43,2.852
2025-10-08,123306.0,4525.72,229.02,1307.4,2.8797
2025-10-09,121662.4,4368.09,220.93,1255.35,2.8021
2025-10-10,112774.5,3829.72,188.43,1102.47,2.3704
2025-10-11,110644.4,3746.79,177.62,1135.07,2.3819
2025-10-12,114958.8,4152.29,197.0,1302.65,2.5282
2025-10-13,115166.0,4240.85,208.69,1294.55,2.6052
2025-10-14,113028.14,4125.02,202.44,1208.52,2.5033
2025-10-15,110763.28,3985.61,193.84,1162.57,2.4109
2025-10-16,108194.28,3894.51,184.85,1144.83,2.328
2025-10-17,106431.68,3831.57,181.96,1071.15,2.2936
2025-10-18,107185.01,3889.21,187.56,1092.43,2.3596
2025-10-19,108642.78,3982.58,187.86,1109.88,2.3908
2025-10-20,110532.09,3979.22,189.71,1100.19,2.4948
2025-10-21,108297.67,3873.05,185.63,1057.16,2.4222
2025-10-22,107567.44,3805.53,180.12,1071.82,2.3647
2025-10-23,110078.18,3856.8,191.35,1126.72,2.3947
2025-10-24,111004.89,3934.88,193.59,1109.01,2.5103
2025-10-25,111646.27,3953.82,193.84,1116.53,2.5959
2025-10-26,114559.4,4158.46,200.03,1138.19,2.6461
2025-10-27,114107.65,4120.15,198.7,1138.88,2.634
2025-10-28,112898.45,3979.2,194.15,1103.45,2.6034
2025-10-29,110021.29,3902.99,193.88,1107.7,2.5502
2025-10-30,108322.88,3805.09,184.69,1079.05,2.4393
2025-10-31,109608.01,3847.99,187.21,1088.9,2.5097
2025-11-01,110098.1,3873.77,186.35,1094.53,2.5053
2025-11-02,110540.68,3906.58,187.71,1083.25,2.5267
2025-11-03,106583.04,3603.83,166.06,993.54,2.3096
2025-11-04,101497.22,3287.05,155.03,936.77,2.2053
2025-11-05,103885.16,3424.29,162.37,959.33,2.3432
2025-11-06,101346.04,3315.14,155.28,950.4,2.213
2025-11-07,103339.08,3436.05,161.79,991.15,2.3154
2025-11-08,102312.94,3401.51,158.02,991.03,2.2863
2025-11-09,104722.96,3583.46,164.53,996.63,2.3662
2025-11-10,106011.13,3567.85,167.31,991.98,2.526
2025-11-11,103058.99,3417.76,154.63,958.08,2.3915
2025-11-12,101654.37,3414.92,153.42,952.86,2.3879
2025-11-13,99692.02,3231.54,144.73,927.15,2.3225
2025-11-14,94594.0,3112.4,138.92,915.25,2.2443
2025-11-15,95596.24,3167.88,139.61,932.28,2.2372
2025-11-16,94261.44,3095.29,137.17,926.56,2.2149
2025-11-17,92215.14,3031.44,130.99,907.36,2.1637
2025-11-18,92960.83,3123.66,140.69,932.79,2.2172
2025-11-19,91554.96,3025.48,137.06,897.77,2.1098
2025-11-20,86637.23,2834.22,133.67,866.51,1.9999
2025-11-21,85129.43,2765.85,128.68,830.46,1.9509
2025-11-22,84739.74,2770.12,127.59,833.78,1.9509
2025-11-23,86830.0,2802.16,130.58,843.6,2.0491
2025-11-24,88300.01,2953.38,138.44,864.92,2.2276
2025-11-25,87369.96,2959.36,138.96,862.57,2.2024
2025-11-26,90484.02,3026.56,143.02,891.78,2.2233
2025-11-27,91333.95,3015.23,140.85,895.74,2.1999
2025-11-28,90890.7,3031.15,137.33,887.19,2.1795
2025-11-29,90802.44,2989.16,135.91,872.9,2.2009
2025-11-30,90360.0,2991.26,133.48,875.31,2.155
2025-12-01,86286.01,2799.07,126.66,826.61,2.0297
2025-12-02,91277.88,2996.07,138.68,876.61,2.1532
2025-12-03,93429.95,3188.36,144.67,920.76,2.1976
2025-12-04,92078.06,3133.26,139.01,899.92,2.096
2025-12-05,89330.04,3021.78,133.29,883.57,2.0344
2025-12-06,89236.79,3038.06,132.19,890.38,2.0309
2025-12-07,90395.31,3059.85,132.24,894.37,2.0442
2025-12-08,90634.34,3124.16,133.25,897.12,2.0724
2025-12-09,92678.8,3318.04,137.88,897.3,2.1062
2025-12-10,92015.37,3324.14,136.26,893.43,2.0418
2025-12-11,92513.38,3237.39,136.41,885.91,2.034
2025-12-12,90268.42,3084.86,132.27,881.58,2.0074
2025-12-13,90240.01,3114.64,133.14,896.82,2.0227
2025-12-14,88172.17,3063.5,129.4,877.27,1.9784
2025-12-15,86432.08,2964.85,127.81,858.6,1.8981
2025-12-16,87863.42,2962.3,129.15,875.63,1.9297
2025-12-17,86243.22,2833.49,123.27,843.07,1.8627
2025-12-18,85516.41,2828.57,119.6,830.07,1.8076
2025-12-19,88136.94,2979.5,126.27,856.17,1.9092
2025-12-20,88360.9,2977.93,125.81,854.17,1.9335
2025-12-21,88658.86,3002.02,126.03,858.64,1.9223
2025-12-22,88620.79,3009.49,125.93,858.66,1.9043
2025-12-23,87486.0,2965.02,124.01,844.3,1.8734
2025-12-24,87669.45,2947.47,122.53,846.58,1.8628
2025-12-25,87225.27,2903.95,120.06,829.64,1.8326
2025-12-26,87369.56,2927.99,122.26,834.72,1.8437
2025-12-27,87877.01,2949.05,124.73,845.04,1.8735
2025-12-28,87952.71,2950.91,125.27,859.32,1.8654
2025-12-29,87237.13,2937.9,123.28,852.46,1.8508
2025-12-30,88485.49,2973.69,125.01,861.65,1.8776
2025-12-31,87648.22,2971.64,124.65,864.3,1.8423
2026-01-01,88839.04,3004.19,126.9,864.39,1.8799
2026-01-02,89995.13,3125.45,132.29,881.25,2.0069
2026-01-03,90628.01,3127.11,133.37,878.63,2.0182
2026-01-04,91529.73,3144.7,134.12,895.43,2.0909
2026-01-05,93859.71,3224.99,137.9,910.31,2.3478
2026-01-06,93747.97,3296.84,141.08,917.64,2.3042
2026-01-07,91364.16,3168.72,136.39,900.3,2.1657
2026-01-08,91099.99,3106.65,138.37,892.26,2.1232
2026-01-09,90641.28,3088.4,135.97,896.86,2.0958
2026-01-10,90504.7,3086.72,135.84,907.93,2.0907
2026-01-11,91013.65,3123.45,139.7,904.32,2.0745
2026-01-12,91296.2,3095.75,139.22,905.78,2.054
2026-01-13,95414.0,3325.82,145.51,943.73,2.1655
2026-01-14,96951.78,3354.92,146.69,948.47,2.1394
2026-01-15,95604.8,3318.69,142.4,931.2,2.0789
2026-01-16,95550.94,3296.28,144.89,938.16,2.0678
2026-01-17,95147.77,3310.56,143.72,947.12,2.0631
2026-01-18,93673.14,3284.03,137.87,932.51,1.9914
2026-01-19,92631.0,3189.55,133.44,923.6,1.986
2026-01-20,88427.66,2939.88,125.8,884.2,1.89
2026-01-21,89454.73,2982.27,129.54,883.36,1.9476
2026-01-22,89559.67,2952.69,128.47,888.06,1.9236
2026-01-23,89600.26,2956.41,127.43,891.63,1.9196
2026-01-24,89225.34,2953.22,127.21,887.17,1.9143
2026-01-25,86670.36,2816.89,118.85,866.02,1.8356
2026-01-26,88347.08,2930.35,124.24,879.41,1.9041
2026-01-27,89250.0,3026.77,127.19,898.36,1.9158
2026-01-28,89299.99,3010.78,125.35,902.91,1.9111
2026-01-29,84650.16,2822.59,117.82,868.69,1.8076
2026-01-30,84260.49,2707.38,117.59,858.81,1.7352
2026-01-31,78741.09,2451.95,105.58,781.38,1.6472
2026-02-01,76968.21,2270.15,100.79,758.54,1.5908
2026-02-02,78738.61,2347.02,104.55,773.94,1.6198
2026-02-03,75770.21,2233.72,97.89,754.78,1.5791
2026-02-04,73165.83,2148.26,92.12,697.27,1.512
2026-02-05,62909.86,1826.83,78.35,608.3,1.2146
2026-02-06,70580.26,2063.38,87.46,657.21,1.4698
2026-02-07,69289.38,2087.08,87.59,647.0,1.4231
2026-02-08,70330.38,2089.74,86.99,639.93,1.4308
2026-02-09,70138.0,2105.02,86.77,636.39,1.437
2026-02-10,68841.29,2022.67,82.99,619.85,1.3999
2026-02-11,67082.52,1941.18,79.3,608.11,1.3697
2026-02-12,66272.17,1947.85,78.4,614.29,1.3635
2026-02-13,68853.96,2048.72,84.33,618.94,1.4071
2026-02-14,69822.95,2086.59,88.06,632.77,1.5094
2026-02-15,68832.58,1966.58,86.16,615.16,1.4753
2026-02-16,68892.43,1998.33,86.45,627.19,1.4876
2026-02-17,67503.52,1991.66,85.08,617.74,1.4743
2026-02-18,66461.0,1955.91,81.61,604.8,1.4219
2026-02-19,67003.73,1949.08,82.5,607.83,1.4068
2026-02-20,68020.01,1968.88,84.67,625.91,1.4292
2026-02-21,67975.93,1973.35,85.17,625.61,1.4304
2026-02-22,67643.4,1957.82,82.79,614.8,1.3932
2026-02-23,64656.02,1856.3,77.9,596.41,1.3518
2026-02-24,64058.15,1851.94,78.99,583.6,1.3482
2026-02-25,67988.04,2057.48,88.06,629.42,1.4339
2026-02-26,67485.18,2027.68,85.91,625.74,1.4027
2026-02-27,65872.1,1929.84,81.85,614.03,1.3562
2026-02-28,66973.26,1964.51,84.35,617.14,1.3762
2026-03-01,65776.47,1939.71,83.6,617.96,1.3524
2026-03-02,68830.06,2027.35,86.64,637.79,1.39
2026-03-03,68338.0,1982.8,86.97,633.56,1.3607
2026-03-04,72666.77,2127.28,90.85,657.99,1.4309
2026-03-05,70890.72,2072.86,88.77,647.85,1.4037
2026-03-06,68114.02,1978.68,84.7,627.31,1.3633
2026-03-07,67262.91,1969.59,83.22,620.26,1.3567
2026-03-08,65971.2,1937.1,81.59,611.98,1.34
2026-03-09,68432.16,1992.98,84.96,634.64,1.3631
2026-03-10,69948.63,2036.51,85.88,642.0,1.3863
2026-03-11,70191.86,2051.97,86.58,651.46,1.3847
2026-03-12,70541.34,2073.52,86.84,651.72,1.3846
2026-03-13,70930.0,2092.22,88.18,655.73,1.3989
2026-03-14,71211.95,2096.16,88.03,657.7,1.4063
2026-03-15,72815.24,2178.3,92.3,673.77,1.4487
2026-03-16,74884.67,2352.97,96.2,679.71,1.543
2026-03-17,73909.36,2317.39,94.62,668.61,1.5182
2026-03-18,71246.54,2203.39,90.08,652.27,1.4647
2026-03-19,69930.0,2137.81,88.89,639.15,1.4475
2026-03-20,70510.73,2146.22,89.84,642.11,1.4452
2026-03-21,68918.12,2084.87,87.56,630.7,1.4086
2026-03-22,67859.0,2053.89,86.2,626.41,1.3848
2026-03-23,70906.45,2152.03,91.43,639.11,1.4323
2026-03-24,70556.74,2156.23,90.8,638.3,1.416
2026-03-25,71336.53,2169.02,91.7,647.66,1.4145
2026-03-26,68820.31,2060.43,86.53,628.86,1.3609
2026-03-27,66407.28,1992.75,83.11,613.95,1.3257
2026-03-28,66377.03,1994.74,82.09,611.08,1.3333
2026-03-29,66010.93,1984.64,81.44,606.09,1.3278
2026-03-30,66797.37,2026.48,82.54,609.29,1.3242
2026-03-31,68284.48,2105.43,83.2,617.43,1.3411
2026-04-01,68113.92,2140.35,81.18,610.81,1.3478
2026-04-02,66901.99,2057.17,78.94,583.52,1.32
2026-04-03,66964.3,2053.83,80.4,588.31,1.3184
2026-04-04,67300.42,2065.52,80.83,593.36,1.3153
2026-04-05,69034.18,2110.17,81.89,601.5,1.3263
2026-04-06,68853.66,2107.16,80.03,600.11,1.3212
2026-04-07,71924.22,2240.01,85.56,620.1,1.3787
2026-04-08,71069.93,2190.0,82.57,601.16,1.3428
2026-04-09,71787.97,2190.2,83.33,603.03,1.3438
2026-04-10,72962.7,2245.05,84.83,605.54,1.3559
2026-04-11,73043.16,2284.99,84.93,607.05,1.3546
2026-04-12,70740.98,2191.65,81.53,592.19,1.3247
2026-04-13,74417.99,2369.46,86.51,614.71,1.3756
2026-04-14,74131.55,2322.44,83.72,613.75,1.3617
2026-04-15,74809.99,2359.95,84.9,622.59,1.3922
2026-04-16,75154.29,2348.17,89.05,635.77,1.453
2026-04-17,77072.0,2419.0,88.76,643.12,1.4757
2026-04-18,75691.76,2350.32,86.16,629.9,1.4323
2026-04-19,73801.79,2263.27,83.47,616.06,1.3942
2026-04-20,75840.97,2313.85,85.28,629.26,1.4243
2026-04-21,76336.15,2327.14,86.03,631.72,1.4334
2026-04-22,78178.23,2374.07,86.87,637.47,1.4294
2026-04-23,78257.48,2330.26,86.12,638.54,1.4386
2026-04-24,77437.13,2314.99,86.18,636.21,1.4334
2026-04-25,77625.0,2319.5,86.18,628.53,1.4238
2026-04-26,78657.55,2369.44,86.93,635.76,1.4307
2026-04-27,77371.32,2303.67,84.82,626.83,1.4007
2026-04-28,76342.77,2289.42,84.06,624.55,1.3805
2026-04-29,75780.0,2252.9,83.04,617.39,1.3691
2026-04-30,76346.57,2257.51,83.09,615.38,1.3679
2026-05-01,78231.13,2295.63,83.76,615.34,1.3858
2026-05-02,78686.85,2316.97,84.26,618.03,1.3937
2026-05-03,78568.57,2322.65,83.91,617.27,1.388
2026-05-04,79861.01,2347.16,84.1,622.63,1.3918
2026-05-05,80905.52,2360.77,86.29,630.42,1.4126
2026-05-06,81447.01,2350.84,89.16,647.74,1.4249
2026-05-07,80006.0,2291.06,88.42,637.02,1.3869
2026-05-08,80193.17,2307.06,92.01,649.36,1.4182
2026-05-09,80678.4,2326.44,93.13,649.75,1.4205
2026-05-10,82210.07,2371.27,96.47,663.55,1.4734
2026-05-11,81745.65,2339.87,97.37,670.6,1.4776
2026-05-12,80504.47,2274.96,94.28,664.95,1.437
2026-05-13,79313.61,2258.65,91.17,671.68,1.4273
2026-05-14,81089.99,2283.25,92.15,678.27,1.4852
2026-05-15,79113.21,2224.66,89.24,672.38,1.434
2026-05-16,78148.05,2180.77,86.54,656.2,1.4136
2026-05-17,77457.67,2131.0,85.24,649.48,1.4016
2026-05-18,77001.87,2130.08,85.38,643.53,1.39
2026-05-19,76834.36,2111.93,84.29,640.02,1.3616
2026-05-20,77552.23,2129.44,86.17,649.5,1.3672
2026-05-21,77615.52,2133.76,87.36,658.58,1.3739
2026-05-22,75539.5,2065.85,84.4,650.44,1.3345
2026-05-23,76752.01,2117.68,85.75,656.26,1.3583
2026-05-24,77064.96,2099.85,85.27,656.57,1.351
2026-05-25,77322.01,2113.01,85.06,663.15,1.3503
2026-05-26,75930.01,2073.77,83.72,656.43,1.3292
2026-05-27,74449.3,2024.84,82.44,648.84,1.3076
2026-05-28,73617.51,2009.9,82.11,638.24,1.3156
2026-05-29,73460.78,2014.54,82.04,643.1,1.33
2026-05-30,73884.38,2022.44,82.73,718.74,1.3408
2026-05-31,73674.39,2007.01,82.44,710.55,1.333
2026-06-01,71408.9,2006.73,81.28,693.1,1.2972
2026-06-02,66760.83,1859.84,74.23,650.69,1.2117
2026-06-03,64142.75,1813.05,71.61,620.63,1.2012
2026-06-04,63885.99,1770.77,68.88,604.53,1.1688
2026-06-05,61056.47,1583.4,63.64,572.22,1.0978
2026-06-06,60884.62,1569.69,62.2,574.53,1.0934
2026-06-07,63332.01,1690.51,66.5,604.44,1.1556
2026-06-08,63085.99,1690.49,66.82,601.86,1.1683
2026-06-09,61730.0,1639.52,64.96,593.44,1.1375
2026-06-10,61510.99,1621.59,63.19,586.53,1.097
2026-06-11,63625.99,1673.46,66.93,605.76,1.1428
2026-06-12,63580.01,1666.41,66.82,603.83,1.1325
2026-06-13,64458.01,1681.18,68.94,609.65,1.1507
2026-06-14,65746.45,1725.62,71.28,616.79,1.1861
2026-06-15,66328.74,1796.13,73.98,617.87,1.2382
2026-06-16,65675.01,1792.99,73.52,604.94,1.2173
2026-06-17,64509.4,1750.6,72.05,601.63,1.1868
2026-06-18,62958.01,1711.11,69.71,578.48,1.1465
2026-06-19,63543.91,1711.19,69.74,581.42,1.1359
2026-06-20,64298.01,1741.08,73.22,588.03,1.1499
2026-06-21,63311.99,1706.94,72.46,584.23,1.1248
2026-06-22,64020.01,1728.19,71.95,590.15,1.1295
2026-06-23,62734.57,1667.13,69.71,578.08,1.1103
2026-06-24,61077.99,1622.17,68.11,564.67,1.0736
2026-06-25,59794.0,1567.84,67.72,560.62,1.0435
2026-06-26,60097.27,1578.68,71.9,567.64,1.049
2026-06-27,60029.0,1573.99,70.5,557.2,1.0475
2026-06-28,59577.01,1571.96,71.38,551.07,1.0485
2026-06-29,60260.21,1613.07,75.16,559.52,1.059
2026-06-30,58624.71,1572.01,73.67,546.52,1.0401
2026-07-01,60024.0,1609.58,77.46,550.44,1.053
2026-07-02,61560.0,1700.57,80.73,558.96,1.0881
2026-07-03,62583.26,1758.21,82.34,573.81,1.1348
2026-07-04,63144.01,1780.64,81.8,575.37,1.1574
2026-07-05,63650.0,1785.65,81.59,589.87,1.1572
2026-07-06,64042.02,1799.56,81.94,586.01,1.145
2026-07-07,63363.99,1771.45,80.58,576.82,1.112
2026-07-08,62290.0,1743.54,77.83,568.66,1.0908
2026-07-09,63230.0,1745.16,78.04,568.72,1.0932
2026-07-10,64161.72,1796.85,78.13,575.43,1.1046
2026-07-11,63819.0,1787.76,76.79,574.65,1.0967
2026-07-12,63780.0,1806.8,76.92,573.91,1.0858
2026-07-13,62334.52,1776.72,75.01,567.49,1.0675
2026-07-14,65043.98,1891.87,77.87,581.87,1.1117
2026-07-15,64756.28,1917.86,77.29,580.55,1.1133
2026-07-16,63830.2,1864.71,75.32,572.45,1.0871
2026-07-17,63931.67,1841.93,75.04,568.09,1.089
2026-07-18,64834.22,1862.61,75.52,570.65,1.0929
2026-07-19,64722.54,1872.23,76.38,571.06,1.0978
2026-07-20,65255.51,1904.77,77.85,571.27,1.1124
2026-07-21,66556.16,1930.09,78.12,573.95,1.1436
2026-07-22,66114.49,1934.25,77.97,571.08,1.1421
2026-07-23,65098.97,1878.38,75.88,567.41,1.1077
2026-07-24,64139.99,1861.44,73.96,564.9,1.0919
2026-07-25,64375.0,1874.89,74.52,568.94,1.0977
2026-07-26,65399.99,1954.72,76.76,575.32,1.1131
2026-07-27,63755.86,1892.53,74.2,566.28,1.0661
2026-07-28,63915.0,1922.23,73.83,571.29,1.069
2026-07-29,63984.28,1910.72,73.68,571.99,1.0737
2026-07-30,64780.02,1918.31,74.51,591.99,1.0829
2026-07-31,62887.88,1862.6,72.87,587.01,1.0619
2026-08-01,62823.64,1844.94,71.95,575.13,1.0604
2026-08-02,63570.0,1885.36,73.63,588.46,1.0869
2026-08-03,63520.0,1860.5,73.56,589.35,1.0758
2026-08-04,64106.56,1869.75,73.75,593.18,1.0739
2026-08-05,64665.23,1908.9,74.04,593.85,1.0623
2026-08-06,64323.61,1904.1,72.7,592.39,1.0351
2026-08-07,64923.19,1914.18,73.66,592.57,1.021
2026-08-08,64962.6,1916.74,76.01,600.66,1.0397
2026-08-09,64901.59,1910.65,76.27,602.23,1.0299
2026-08-10,63970.01,1873.16,75.99,599.23,1.0123
2026-08-11,63600.0,1882.59,76.3,616.69,1.0229
2026-08-12,63479.99,1879.81,75.63,610.44,1.0055
2026-08-13,63490.86,1886.15,76.28,610.71,1.0094
2026-08-14,63043.56,1882.2,75.4,607.96,0.9996
2026-08-15,63086.01,1882.64,75.35,607.76,1.0028
2026-08-16,62900.0,1876.0,74.61,602.98,0.9936
2026-08-17,64532.1,1913.6,76.02,605.8,1.003
2026-08-18,64725.42,1917.85,77.05,603.94,1.0019
2026-08-19,69334.79,2252.8,85.38,627.51,1.106
2026-08-20,73025.15,2326.82,87.66,654.8,1.2681
2026-08-21,78338.03,2516.3,93.72,687.0,1.4544
2026-08-22,77074.93,2422.6,93.82,695.28,1.4619
2026-08-23,77734.0,2463.41,95.43,702.37,1.5204
2026-08-24,78992.75,2482.31,98.97,704.31,1.4817
2026-08-25,78539.14,2442.64,96.6,694.41,1.4343
2026-08-26,79023.75,2506.78,102.07,707.52,1.4229
2026-08-27,80162.41,2502.41,107.69,709.28,1.4462
